name,description,image,Attribute [Archetype],Attribute [Collection]
Cyberpunk Futurista #01,An ethereal entity from the Quantum Deities collection. Concept: Cyberpunk Futurista.,Cyberpunk_Futurista_01.png,Cyberpunk,Quantum Deities 151
Cyberpunk Futurista #02,An ethereal entity from the Quantum Deities collection. Concept: Cyberpunk Futurista.,Cyberpunk_Futurista_02.png,Cyberpunk,Quantum Deities 151
Cyberpunk Futurista #03,An ethereal entity from the Quantum Deities collection. Concept: Cyberpunk Futurista.,Cyberpunk_Futurista_03.png,Cyberpunk,Quantum Deities 151
Cyberpunk Futurista #04,An ethereal entity from the Quantum Deities collection. Concept: Cyberpunk Futurista.,Cyberpunk_Futurista_04.png,Cyberpunk,Quantum Deities 151
Figura Abstracta #01,An ethereal entity from the Quantum Deities collection. Concept: Figura Abstracta.,Figura_Abstracta_01.png,Figura,Quantum Deities 151
Figura Abstracta #02,An ethereal entity from the Quantum Deities collection. Concept: Figura Abstracta.,Figura_Abstracta_02.png,Figura,Quantum Deities 151
Figura Abstracta #03,An ethereal entity from the Quantum Deities collection. Concept: Figura Abstracta.,Figura_Abstracta_03.png,Figura,Quantum Deities 151
Figura Abstracta #04,An ethereal entity from the Quantum Deities collection. Concept: Figura Abstracta.,Figura_Abstracta_04.png,Figura,Quantum Deities 151
Futuristic Cyberpunk Portrait #01,An ethereal entity from the Quantum Deities collection. Concept: Futuristic Cyberpunk Portrait.,Futuristic_Cyberpunk_Portrait_01.png,Futuristic,Quantum Deities 151
Futuristic Cyberpunk Portrait #02,An ethereal entity from the Quantum Deities collection. Concept: Futuristic Cyberpunk Portrait.,Futuristic_Cyberpunk_Portrait_02.png,Futuristic,Quantum Deities 151
Futuristic Cyberpunk Portrait #03,An ethereal entity from the Quantum Deities collection. Concept: Futuristic Cyberpunk Portrait.,Futuristic_Cyberpunk_Portrait_03.png,Futuristic,Quantum Deities 151
Futuristic Cyberpunk Portrait #04,An ethereal entity from the Quantum Deities collection. Concept: Futuristic Cyberpunk Portrait.,Futuristic_Cyberpunk_Portrait_04.png,Futuristic,Quantum Deities 151
Ethereal Alien Entity With A #01,An ethereal entity from the Quantum Deities collection. Concept: Ethereal Alien Entity With A.,Ethereal_Alien_Entity_With_A_01.png,Ethereal,Quantum Deities 151
Ethereal Alien Entity With A #02,An ethereal entity from the Quantum Deities collection. Concept: Ethereal Alien Entity With A.,Ethereal_Alien_Entity_With_A_02.png,Ethereal,Quantum Deities 151
Ethereal Alien Entity With A #03,An ethereal entity from the Quantum Deities collection. Concept: Ethereal Alien Entity With A.,Ethereal_Alien_Entity_With_A_03.png,Ethereal,Quantum Deities 151
Ethereal Alien Entity With A #04,An ethereal entity from the Quantum Deities collection. Concept: Ethereal Alien Entity With A.,Ethereal_Alien_Entity_With_A_04.png,Ethereal,Quantum Deities 151
Mechanical Cosmic Herald Wit #01,An ethereal entity from the Quantum Deities collection. Concept: Mechanical Cosmic Herald Wit.,Mechanical_Cosmic_Herald_Wit_01.png,Mechanical,Quantum Deities 151
Mechanical Cosmic Herald Wit #02,An ethereal entity from the Quantum Deities collection. Concept: Mechanical Cosmic Herald Wit.,Mechanical_Cosmic_Herald_Wit_02.png,Mechanical,Quantum Deities 151
Mechanical Cosmic Herald Wit #03,An ethereal entity from the Quantum Deities collection. Concept: Mechanical Cosmic Herald Wit.,Mechanical_Cosmic_Herald_Wit_03.png,Mechanical,Quantum Deities 151
Mechanical Cosmic Herald Wit #04,An ethereal entity from the Quantum Deities collection. Concept: Mechanical Cosmic Herald Wit.,Mechanical_Cosmic_Herald_Wit_04.png,Mechanical,Quantum Deities 151
Mechanical Cosmic Herald Wit #05,An ethereal entity from the Quantum Deities collection. Concept: Mechanical Cosmic Herald Wit.,Mechanical_Cosmic_Herald_Wit_05.png,Mechanical,Quantum Deities 151
A Hauntingly Beautiful Cyber Mon #01,An ethereal entity from the Quantum Deities collection. Concept: A Hauntingly Beautiful Cyber Mon.,A_Hauntingly_Beautiful_Cyber_Mon_01.png,A,Quantum Deities 151
A Hauntingly Beautiful Cyber Mon #02,An ethereal entity from the Quantum Deities collection. Concept: A Hauntingly Beautiful Cyber Mon.,A_Hauntingly_Beautiful_Cyber_Mon_02.png,A,Quantum Deities 151
A Hauntingly Beautiful Cyber Mon #03,An ethereal entity from the Quantum Deities collection. Concept: A Hauntingly Beautiful Cyber Mon.,A_Hauntingly_Beautiful_Cyber_Mon_03.png,A,Quantum Deities 151
A Hauntingly Beautiful Cyber Mon #04,An ethereal entity from the Quantum Deities collection. Concept: A Hauntingly Beautiful Cyber Mon.,A_Hauntingly_Beautiful_Cyber_Mon_04.png,A,Quantum Deities 151
A Serene Humanoid Construct Made #01,An ethereal entity from the Quantum Deities collection. Concept: A Serene Humanoid Construct Made.,A_Serene_Humanoid_Construct_Made_01.png,A,Quantum Deities 151
Abstract Cosmic Entity Prismatic #01,An ethereal entity from the Quantum Deities collection. Concept: Abstract Cosmic Entity Prismatic.,Abstract_Cosmic_Entity_Prismatic_01.png,Abstract,Quantum Deities 151
Abstract Cosmic Entity Prismatic #02,An ethereal entity from the Quantum Deities collection. Concept: Abstract Cosmic Entity Prismatic.,Abstract_Cosmic_Entity_Prismatic_02.png,Abstract,Quantum Deities 151
Abstract Cosmic Entity Prismatic #03,An ethereal entity from the Quantum Deities collection. Concept: Abstract Cosmic Entity Prismatic.,Abstract_Cosmic_Entity_Prismatic_03.png,Abstract,Quantum Deities 151
Abstract Cosmic Entity Prismatic #04,An ethereal entity from the Quantum Deities collection. Concept: Abstract Cosmic Entity Prismatic.,Abstract_Cosmic_Entity_Prismatic_04.png,Abstract,Quantum Deities 151
Abstract Cosmic Entity Prismatic #05,An ethereal entity from the Quantum Deities collection. Concept: Abstract Cosmic Entity Prismatic.,Abstract_Cosmic_Entity_Prismatic_05.png,Abstract,Quantum Deities 151
Abstract Cosmic Entity Prismatic #06,An ethereal entity from the Quantum Deities collection. Concept: Abstract Cosmic Entity Prismatic.,Abstract_Cosmic_Entity_Prismatic_06.png,Abstract,Quantum Deities 151
Abstract Cosmic Entity Prismatic #07,An ethereal entity from the Quantum Deities collection. Concept: Abstract Cosmic Entity Prismatic.,Abstract_Cosmic_Entity_Prismatic_07.png,Abstract,Quantum Deities 151
Abstract Cosmic Entity Prismatic #08,An ethereal entity from the Quantum Deities collection. Concept: Abstract Cosmic Entity Prismatic.,Abstract_Cosmic_Entity_Prismatic_08.png,Abstract,Quantum Deities 151
Abstract Cosmic Entity Prismatic #09,An ethereal entity from the Quantum Deities collection. Concept: Abstract Cosmic Entity Prismatic.,Abstract_Cosmic_Entity_Prismatic_09.png,Abstract,Quantum Deities 151
Abstract Cosmic Entity Prismatic #10,An ethereal entity from the Quantum Deities collection. Concept: Abstract Cosmic Entity Prismatic.,Abstract_Cosmic_Entity_Prismatic_10.png,Abstract,Quantum Deities 151
Abstract Cosmic Entity Prismatic #11,An ethereal entity from the Quantum Deities collection. Concept: Abstract Cosmic Entity Prismatic.,Abstract_Cosmic_Entity_Prismatic_11.png,Abstract,Quantum Deities 151
Abstract Cosmic Entity Prismatic #12,An ethereal entity from the Quantum Deities collection. Concept: Abstract Cosmic Entity Prismatic.,Abstract_Cosmic_Entity_Prismatic_12.png,Abstract,Quantum Deities 151
Abstract Cosmic Entity Prismatic #13,An ethereal entity from the Quantum Deities collection. Concept: Abstract Cosmic Entity Prismatic.,Abstract_Cosmic_Entity_Prismatic_13.png,Abstract,Quantum Deities 151
Abstract Cosmic Entity Prismatic #14,An ethereal entity from the Quantum Deities collection. Concept: Abstract Cosmic Entity Prismatic.,Abstract_Cosmic_Entity_Prismatic_14.png,Abstract,Quantum Deities 151
Abstract Cosmic Entity Prismatic #15,An ethereal entity from the Quantum Deities collection. Concept: Abstract Cosmic Entity Prismatic.,Abstract_Cosmic_Entity_Prismatic_15.png,Abstract,Quantum Deities 151
Abstract Cosmic Entity Prismatic #16,An ethereal entity from the Quantum Deities collection. Concept: Abstract Cosmic Entity Prismatic.,Abstract_Cosmic_Entity_Prismatic_16.png,Abstract,Quantum Deities 151
Abstract Cosmic Entity Prismatic #17,An ethereal entity from the Quantum Deities collection. Concept: Abstract Cosmic Entity Prismatic.,Abstract_Cosmic_Entity_Prismatic_17.png,Abstract,Quantum Deities 151
Abstract Cosmic Entity Prismatic #18,An ethereal entity from the Quantum Deities collection. Concept: Abstract Cosmic Entity Prismatic.,Abstract_Cosmic_Entity_Prismatic_18.png,Abstract,Quantum Deities 151
Abstract Cosmic Entity Prismatic #19,An ethereal entity from the Quantum Deities collection. Concept: Abstract Cosmic Entity Prismatic.,Abstract_Cosmic_Entity_Prismatic_19.png,Abstract,Quantum Deities 151
Abstract Cosmic Entity Prismatic #20,An ethereal entity from the Quantum Deities collection. Concept: Abstract Cosmic Entity Prismatic.,Abstract_Cosmic_Entity_Prismatic_20.png,Abstract,Quantum Deities 151
Abstract Cosmic Entity Prismatic #21,An ethereal entity from the Quantum Deities collection. Concept: Abstract Cosmic Entity Prismatic.,Abstract_Cosmic_Entity_Prismatic_21.png,Abstract,Quantum Deities 151
Abstract Cosmic Entity Prismatic #22,An ethereal entity from the Quantum Deities collection. Concept: Abstract Cosmic Entity Prismatic.,Abstract_Cosmic_Entity_Prismatic_22.png,Abstract,Quantum Deities 151
Abstract Cosmic Entity Prismatic #23,An ethereal entity from the Quantum Deities collection. Concept: Abstract Cosmic Entity Prismatic.,Abstract_Cosmic_Entity_Prismatic_23.png,Abstract,Quantum Deities 151
Abstract Cosmic Entity Prismatic #24,An ethereal entity from the Quantum Deities collection. Concept: Abstract Cosmic Entity Prismatic.,Abstract_Cosmic_Entity_Prismatic_24.png,Abstract,Quantum Deities 151
Abstract Cosmic Entity Prismatic #25,An ethereal entity from the Quantum Deities collection. Concept: Abstract Cosmic Entity Prismatic.,Abstract_Cosmic_Entity_Prismatic_25.png,Abstract,Quantum Deities 151
Abstract Cosmic Entity Prismatic #26,An ethereal entity from the Quantum Deities collection. Concept: Abstract Cosmic Entity Prismatic.,Abstract_Cosmic_Entity_Prismatic_26.png,Abstract,Quantum Deities 151
Abstract Cosmic Entity Prismatic #27,An ethereal entity from the Quantum Deities collection. Concept: Abstract Cosmic Entity Prismatic.,Abstract_Cosmic_Entity_Prismatic_27.png,Abstract,Quantum Deities 151
Abstract Futuristic Deity Figure #01,An ethereal entity from the Quantum Deities collection. Concept: Abstract Futuristic Deity Figure.,Abstract_Futuristic_Deity_Figure_01.png,Abstract,Quantum Deities 151
Abstract Futuristic Deity Figure #02,An ethereal entity from the Quantum Deities collection. Concept: Abstract Futuristic Deity Figure.,Abstract_Futuristic_Deity_Figure_02.png,Abstract,Quantum Deities 151
Abstract Futuristic Deity Figure #03,An ethereal entity from the Quantum Deities collection. Concept: Abstract Futuristic Deity Figure.,Abstract_Futuristic_Deity_Figure_03.png,Abstract,Quantum Deities 151
Abstract Futuristic Deity Figure 51a3ff3 #08,An ethereal entity from the Quantum Deities collection. Concept: Abstract Futuristic Deity Figure 51a3ff3.,Abstract_Futuristic_Deity_Figure_51a3ff3_08.png,Abstract,Quantum Deities 151
Ancient Cosmic Android With Divi #01,An ethereal entity from the Quantum Deities collection. Concept: Ancient Cosmic Android With Divi.,Ancient_Cosmic_Android_With_Divi_01.png,Ancient,Quantum Deities 151
Ancient Cosmic Android With Divi #02,An ethereal entity from the Quantum Deities collection. Concept: Ancient Cosmic Android With Divi.,Ancient_Cosmic_Android_With_Divi_02.png,Ancient,Quantum Deities 151
Ancient Cosmic Android With Divi #03,An ethereal entity from the Quantum Deities collection. Concept: Ancient Cosmic Android With Divi.,Ancient_Cosmic_Android_With_Divi_03.png,Ancient,Quantum Deities 151
Ancient Cosmic Android With Divi #04,An ethereal entity from the Quantum Deities collection. Concept: Ancient Cosmic Android With Divi.,Ancient_Cosmic_Android_With_Divi_04.png,Ancient,Quantum Deities 151
Ancient Cosmic Android With Divi #05,An ethereal entity from the Quantum Deities collection. Concept: Ancient Cosmic Android With Divi.,Ancient_Cosmic_Android_With_Divi_05.png,Ancient,Quantum Deities 151
Ancient Cosmic Android With Divi #06,An ethereal entity from the Quantum Deities collection. Concept: Ancient Cosmic Android With Divi.,Ancient_Cosmic_Android_With_Divi_06.png,Ancient,Quantum Deities 151
Ancient Cosmic Android With Divi #07,An ethereal entity from the Quantum Deities collection. Concept: Ancient Cosmic Android With Divi.,Ancient_Cosmic_Android_With_Divi_07.png,Ancient,Quantum Deities 151
Ancient Cosmic Android With Divi #08,An ethereal entity from the Quantum Deities collection. Concept: Ancient Cosmic Android With Divi.,Ancient_Cosmic_Android_With_Divi_08.png,Ancient,Quantum Deities 151
Cybernetic Goddess With A Face O #01,An ethereal entity from the Quantum Deities collection. Concept: Cybernetic Goddess With A Face O.,Cybernetic_Goddess_With_A_Face_O_01.png,Cybernetic,Quantum Deities 151
Cybernetic Goddess With A Face O #02,An ethereal entity from the Quantum Deities collection. Concept: Cybernetic Goddess With A Face O.,Cybernetic_Goddess_With_A_Face_O_02.png,Cybernetic,Quantum Deities 151
Cybernetic Goddess With A Face O #03,An ethereal entity from the Quantum Deities collection. Concept: Cybernetic Goddess With A Face O.,Cybernetic_Goddess_With_A_Face_O_03.png,Cybernetic,Quantum Deities 151
Cybernetic Goddess With A Face O #04,An ethereal entity from the Quantum Deities collection. Concept: Cybernetic Goddess With A Face O.,Cybernetic_Goddess_With_A_Face_O_04.png,Cybernetic,Quantum Deities 151
Cybernetic Goddess With A Face O #05,An ethereal entity from the Quantum Deities collection. Concept: Cybernetic Goddess With A Face O.,Cybernetic_Goddess_With_A_Face_O_05.png,Cybernetic,Quantum Deities 151
Cybernetic Goddess With A Face O #06,An ethereal entity from the Quantum Deities collection. Concept: Cybernetic Goddess With A Face O.,Cybernetic_Goddess_With_A_Face_O_06.png,Cybernetic,Quantum Deities 151
Cybernetic Goddess With A Face O #07,An ethereal entity from the Quantum Deities collection. Concept: Cybernetic Goddess With A Face O.,Cybernetic_Goddess_With_A_Face_O_07.png,Cybernetic,Quantum Deities 151
Cybernetic Goddess With A Face O #08,An ethereal entity from the Quantum Deities collection. Concept: Cybernetic Goddess With A Face O.,Cybernetic_Goddess_With_A_Face_O_08.png,Cybernetic,Quantum Deities 151
Dragon Abstract Cosmic Entity Pr #01,An ethereal entity from the Quantum Deities collection. Concept: Dragon Abstract Cosmic Entity Pr.,Dragon_Abstract_Cosmic_Entity_Pr_01.png,Dragon,Quantum Deities 151
Dragon Abstract Cosmic Entity Pr #02,An ethereal entity from the Quantum Deities collection. Concept: Dragon Abstract Cosmic Entity Pr.,Dragon_Abstract_Cosmic_Entity_Pr_02.png,Dragon,Quantum Deities 151
Dragon Abstract Cosmic Entity Pr #03,An ethereal entity from the Quantum Deities collection. Concept: Dragon Abstract Cosmic Entity Pr.,Dragon_Abstract_Cosmic_Entity_Pr_03.png,Dragon,Quantum Deities 151
Dragon Abstract Cosmic Entity Pr #04,An ethereal entity from the Quantum Deities collection. Concept: Dragon Abstract Cosmic Entity Pr.,Dragon_Abstract_Cosmic_Entity_Pr_04.png,Dragon,Quantum Deities 151
Dragon Abstract Cosmic Entity Pr #05,An ethereal entity from the Quantum Deities collection. Concept: Dragon Abstract Cosmic Entity Pr.,Dragon_Abstract_Cosmic_Entity_Pr_05.png,Dragon,Quantum Deities 151
Dragon Abstract Cosmic Entity Pr #06,An ethereal entity from the Quantum Deities collection. Concept: Dragon Abstract Cosmic Entity Pr.,Dragon_Abstract_Cosmic_Entity_Pr_06.png,Dragon,Quantum Deities 151
Dragon Abstract Cosmic Entity Pr #07,An ethereal entity from the Quantum Deities collection. Concept: Dragon Abstract Cosmic Entity Pr.,Dragon_Abstract_Cosmic_Entity_Pr_07.png,Dragon,Quantum Deities 151
Dragon Abstract Cosmic Entity Pr #08,An ethereal entity from the Quantum Deities collection. Concept: Dragon Abstract Cosmic Entity Pr.,Dragon_Abstract_Cosmic_Entity_Pr_08.png,Dragon,Quantum Deities 151
Eagle Abstract Cosmic Entity Pri #01,An ethereal entity from the Quantum Deities collection. Concept: Eagle Abstract Cosmic Entity Pri.,Eagle_Abstract_Cosmic_Entity_Pri_01.png,Eagle,Quantum Deities 151
Eagle Abstract Cosmic Entity Pri #02,An ethereal entity from the Quantum Deities collection. Concept: Eagle Abstract Cosmic Entity Pri.,Eagle_Abstract_Cosmic_Entity_Pri_02.png,Eagle,Quantum Deities 151
Eagle Abstract Cosmic Entity Pri #03,An ethereal entity from the Quantum Deities collection. Concept: Eagle Abstract Cosmic Entity Pri.,Eagle_Abstract_Cosmic_Entity_Pri_03.png,Eagle,Quantum Deities 151
Eagle Abstract Cosmic Entity Pri #04,An ethereal entity from the Quantum Deities collection. Concept: Eagle Abstract Cosmic Entity Pri.,Eagle_Abstract_Cosmic_Entity_Pri_04.png,Eagle,Quantum Deities 151
Eagle Abstract Cosmic Entity Pri #05,An ethereal entity from the Quantum Deities collection. Concept: Eagle Abstract Cosmic Entity Pri.,Eagle_Abstract_Cosmic_Entity_Pri_05.png,Eagle,Quantum Deities 151
Eagle Abstract Cosmic Entity Pri #06,An ethereal entity from the Quantum Deities collection. Concept: Eagle Abstract Cosmic Entity Pri.,Eagle_Abstract_Cosmic_Entity_Pri_06.png,Eagle,Quantum Deities 151
Eagle Abstract Cosmic Entity Pri #07,An ethereal entity from the Quantum Deities collection. Concept: Eagle Abstract Cosmic Entity Pri.,Eagle_Abstract_Cosmic_Entity_Pri_07.png,Eagle,Quantum Deities 151
Eagle Abstract Cosmic Entity Pri #08,An ethereal entity from the Quantum Deities collection. Concept: Eagle Abstract Cosmic Entity Pri.,Eagle_Abstract_Cosmic_Entity_Pri_08.png,Eagle,Quantum Deities 151
Ethereal Quantum Avatar Abstract #01,An ethereal entity from the Quantum Deities collection. Concept: Ethereal Quantum Avatar Abstract.,Ethereal_Quantum_Avatar_Abstract_01.png,Ethereal,Quantum Deities 151
Ethereal Quantum Avatar Abstract #02,An ethereal entity from the Quantum Deities collection. Concept: Ethereal Quantum Avatar Abstract.,Ethereal_Quantum_Avatar_Abstract_02.png,Ethereal,Quantum Deities 151
Futuristic Cyberpunk Portrait Of #01,An ethereal entity from the Quantum Deities collection. Concept: Futuristic Cyberpunk Portrait Of.,Futuristic_Cyberpunk_Portrait_Of_01.png,Futuristic,Quantum Deities 151
Futuristic Cyberpunk Portrait Of #02,An ethereal entity from the Quantum Deities collection. Concept: Futuristic Cyberpunk Portrait Of.,Futuristic_Cyberpunk_Portrait_Of_02.png,Futuristic,Quantum Deities 151
Futuristic Cyberpunk Portrait Of #03,An ethereal entity from the Quantum Deities collection. Concept: Futuristic Cyberpunk Portrait Of.,Futuristic_Cyberpunk_Portrait_Of_03.png,Futuristic,Quantum Deities 151
Futuristic Cyberpunk Portrait Of #04,An ethereal entity from the Quantum Deities collection. Concept: Futuristic Cyberpunk Portrait Of.,Futuristic_Cyberpunk_Portrait_Of_04.png,Futuristic,Quantum Deities 151
Futuristic Humanoid Face With Gl #01,An ethereal entity from the Quantum Deities collection. Concept: Futuristic Humanoid Face With Gl.,Futuristic_Humanoid_Face_With_Gl_01.png,Futuristic,Quantum Deities 151
Futuristic Humanoid Face With Gl #02,An ethereal entity from the Quantum Deities collection. Concept: Futuristic Humanoid Face With Gl.,Futuristic_Humanoid_Face_With_Gl_02.png,Futuristic,Quantum Deities 151
Futuristic Humanoid Face With Gl #03,An ethereal entity from the Quantum Deities collection. Concept: Futuristic Humanoid Face With Gl.,Futuristic_Humanoid_Face_With_Gl_03.png,Futuristic,Quantum Deities 151
Futuristic Humanoid Face With Gl #04,An ethereal entity from the Quantum Deities collection. Concept: Futuristic Humanoid Face With Gl.,Futuristic_Humanoid_Face_With_Gl_04.png,Futuristic,Quantum Deities 151
Higher Dimensional Quantum Entit #01,An ethereal entity from the Quantum Deities collection. Concept: Higher Dimensional Quantum Entit.,Higher_Dimensional_Quantum_Entit_01.png,Higher,Quantum Deities 151
Higher Dimensional Quantum Entit #02,An ethereal entity from the Quantum Deities collection. Concept: Higher Dimensional Quantum Entit.,Higher_Dimensional_Quantum_Entit_02.png,Higher,Quantum Deities 151
Higher Dimensional Quantum Entit #03,An ethereal entity from the Quantum Deities collection. Concept: Higher Dimensional Quantum Entit.,Higher_Dimensional_Quantum_Entit_03.png,Higher,Quantum Deities 151
Higher Dimensional Quantum Entit #04,An ethereal entity from the Quantum Deities collection. Concept: Higher Dimensional Quantum Entit.,Higher_Dimensional_Quantum_Entit_04.png,Higher,Quantum Deities 151
Mechanical Angel Of The Silicon #01,An ethereal entity from the Quantum Deities collection. Concept: Mechanical Angel Of The Silicon.,Mechanical_Angel_Of_The_Silicon_01.png,Mechanical,Quantum Deities 151
Mechanical Angel Of The Silicon #02,An ethereal entity from the Quantum Deities collection. Concept: Mechanical Angel Of The Silicon.,Mechanical_Angel_Of_The_Silicon_02.png,Mechanical,Quantum Deities 151
Mechanical Angel Of The Silicon #03,An ethereal entity from the Quantum Deities collection. Concept: Mechanical Angel Of The Silicon.,Mechanical_Angel_Of_The_Silicon_03.png,Mechanical,Quantum Deities 151
Mechanical Angel Of The Silicon #04,An ethereal entity from the Quantum Deities collection. Concept: Mechanical Angel Of The Silicon.,Mechanical_Angel_Of_The_Silicon_04.png,Mechanical,Quantum Deities 151
Mechanical Angel Of The Silicon #05,An ethereal entity from the Quantum Deities collection. Concept: Mechanical Angel Of The Silicon.,Mechanical_Angel_Of_The_Silicon_05.png,Mechanical,Quantum Deities 151
Mechanical Angel Of The Silicon 332fd757 #01,An ethereal entity from the Quantum Deities collection. Concept: Mechanical Angel Of The Silicon 332fd757.,Mechanical_Angel_Of_The_Silicon_332fd757_01.png,Mechanical,Quantum Deities 151
Mechanical Angel Of The Silicon #06,An ethereal entity from the Quantum Deities collection. Concept: Mechanical Angel Of The Silicon.,Mechanical_Angel_Of_The_Silicon_06.png,Mechanical,Quantum Deities 151
Mechanical Angel Of The Silicon #07,An ethereal entity from the Quantum Deities collection. Concept: Mechanical Angel Of The Silicon.,Mechanical_Angel_Of_The_Silicon_07.png,Mechanical,Quantum Deities 151
Mechanical Angel Of The Silicon #08,An ethereal entity from the Quantum Deities collection. Concept: Mechanical Angel Of The Silicon.,Mechanical_Angel_Of_The_Silicon_08.png,Mechanical,Quantum Deities 151
Mechanical Angel Of The Silicon #09,An ethereal entity from the Quantum Deities collection. Concept: Mechanical Angel Of The Silicon.,Mechanical_Angel_Of_The_Silicon_09.png,Mechanical,Quantum Deities 151
Mechanical Angel Of The Silicon #10,An ethereal entity from the Quantum Deities collection. Concept: Mechanical Angel Of The Silicon.,Mechanical_Angel_Of_The_Silicon_10.png,Mechanical,Quantum Deities 151
Mechanical Angel Of The Silicon #11,An ethereal entity from the Quantum Deities collection. Concept: Mechanical Angel Of The Silicon.,Mechanical_Angel_Of_The_Silicon_11.png,Mechanical,Quantum Deities 151
Mechanical Angel Of The Silicon #12,An ethereal entity from the Quantum Deities collection. Concept: Mechanical Angel Of The Silicon.,Mechanical_Angel_Of_The_Silicon_12.png,Mechanical,Quantum Deities 151
Mechanical Angel Of The Silicon #13,An ethereal entity from the Quantum Deities collection. Concept: Mechanical Angel Of The Silicon.,Mechanical_Angel_Of_The_Silicon_13.png,Mechanical,Quantum Deities 151
Mechanical Angel Of The Silicon #14,An ethereal entity from the Quantum Deities collection. Concept: Mechanical Angel Of The Silicon.,Mechanical_Angel_Of_The_Silicon_14.png,Mechanical,Quantum Deities 151
Mechanical Angel Of The Silicon #15,An ethereal entity from the Quantum Deities collection. Concept: Mechanical Angel Of The Silicon.,Mechanical_Angel_Of_The_Silicon_15.png,Mechanical,Quantum Deities 151
Neon Lit Cyber Monk With Glowing 029d5f4 #01,An ethereal entity from the Quantum Deities collection. Concept: Neon Lit Cyber Monk With Glowing 029d5f4.,Neon_Lit_Cyber_Monk_With_Glowing_029d5f4_01.png,Neon,Quantum Deities 151
Neon Lit Cyber Monk With Glowing #01,An ethereal entity from the Quantum Deities collection. Concept: Neon Lit Cyber Monk With Glowing.,Neon_Lit_Cyber_Monk_With_Glowing_01.png,Neon,Quantum Deities 151
Neon Lit Cyber Monk With Glowing #02,An ethereal entity from the Quantum Deities collection. Concept: Neon Lit Cyber Monk With Glowing.,Neon_Lit_Cyber_Monk_With_Glowing_02.png,Neon,Quantum Deities 151
Neon Lit Cyber Monk With Glowing #03,An ethereal entity from the Quantum Deities collection. Concept: Neon Lit Cyber Monk With Glowing.,Neon_Lit_Cyber_Monk_With_Glowing_03.png,Neon,Quantum Deities 151
Neon Lit Cyber Monk With Glowing 029d5f4 #02,An ethereal entity from the Quantum Deities collection. Concept: Neon Lit Cyber Monk With Glowing 029d5f4.,Neon_Lit_Cyber_Monk_With_Glowing_029d5f4_02.png,Neon,Quantum Deities 151
Neon Lit Cyber Monk With Glowing #04,An ethereal entity from the Quantum Deities collection. Concept: Neon Lit Cyber Monk With Glowing.,Neon_Lit_Cyber_Monk_With_Glowing_04.png,Neon,Quantum Deities 151
Neon Lit Cyber Monk With Glowing #05,An ethereal entity from the Quantum Deities collection. Concept: Neon Lit Cyber Monk With Glowing.,Neon_Lit_Cyber_Monk_With_Glowing_05.png,Neon,Quantum Deities 151
Neon Lit Cyber Monk With Glowing #06,An ethereal entity from the Quantum Deities collection. Concept: Neon Lit Cyber Monk With Glowing.,Neon_Lit_Cyber_Monk_With_Glowing_06.png,Neon,Quantum Deities 151
Neon Lit Cyber Monk With Glowing #07,An ethereal entity from the Quantum Deities collection. Concept: Neon Lit Cyber Monk With Glowing.,Neon_Lit_Cyber_Monk_With_Glowing_07.png,Neon,Quantum Deities 151
Neon Lit Cyber Monk With Glowing #08,An ethereal entity from the Quantum Deities collection. Concept: Neon Lit Cyber Monk With Glowing.,Neon_Lit_Cyber_Monk_With_Glowing_08.png,Neon,Quantum Deities 151
Quantum Deity With A Face Made O #01,An ethereal entity from the Quantum Deities collection. Concept: Quantum Deity With A Face Made O.,Quantum_Deity_With_A_Face_Made_O_01.png,Quantum,Quantum Deities 151
Quantum Deity With A Face Made O #02,An ethereal entity from the Quantum Deities collection. Concept: Quantum Deity With A Face Made O.,Quantum_Deity_With_A_Face_Made_O_02.png,Quantum,Quantum Deities 151
Quantum Deity With A Face Made O #03,An ethereal entity from the Quantum Deities collection. Concept: Quantum Deity With A Face Made O.,Quantum_Deity_With_A_Face_Made_O_03.png,Quantum,Quantum Deities 151
Quantum Deity With A Face Made O #04,An ethereal entity from the Quantum Deities collection. Concept: Quantum Deity With A Face Made O.,Quantum_Deity_With_A_Face_Made_O_04.png,Quantum,Quantum Deities 151
Fox And Gargola Abstract Cosmic #01,An ethereal entity from the Quantum Deities collection. Concept: Fox And Gargola Abstract Cosmic.,Fox_And_Gargola_Abstract_Cosmic_01.png,Fox,Quantum Deities 151
Fox And Gargola Abstract Cosmic #02,An ethereal entity from the Quantum Deities collection. Concept: Fox And Gargola Abstract Cosmic.,Fox_And_Gargola_Abstract_Cosmic_02.png,Fox,Quantum Deities 151
Fox And Gargola Abstract Cosmic #03,An ethereal entity from the Quantum Deities collection. Concept: Fox And Gargola Abstract Cosmic.,Fox_And_Gargola_Abstract_Cosmic_03.png,Fox,Quantum Deities 151
Fox And Gargola Abstract Cosmic #04,An ethereal entity from the Quantum Deities collection. Concept: Fox And Gargola Abstract Cosmic.,Fox_And_Gargola_Abstract_Cosmic_04.png,Fox,Quantum Deities 151
Fox And Gargola Abstract Cosmic #05,An ethereal entity from the Quantum Deities collection. Concept: Fox And Gargola Abstract Cosmic.,Fox_And_Gargola_Abstract_Cosmic_05.png,Fox,Quantum Deities 151
Fox And Gargola Abstract Cosmic #06,An ethereal entity from the Quantum Deities collection. Concept: Fox And Gargola Abstract Cosmic.,Fox_And_Gargola_Abstract_Cosmic_06.png,Fox,Quantum Deities 151
Fox And Gargola Abstract Cosmic #07,An ethereal entity from the Quantum Deities collection. Concept: Fox And Gargola Abstract Cosmic.,Fox_And_Gargola_Abstract_Cosmic_07.png,Fox,Quantum Deities 151
Fox And Gargola Abstract Cosmic 354ded0c #01,An ethereal entity from the Quantum Deities collection. Concept: Fox And Gargola Abstract Cosmic 354ded0c.,Fox_And_Gargola_Abstract_Cosmic_354ded0c_01.png,Fox,Quantum Deities 151
Fox And Gargola Abstract Cosmic 354ded0c #02,An ethereal entity from the Quantum Deities collection. Concept: Fox And Gargola Abstract Cosmic 354ded0c.,Fox_And_Gargola_Abstract_Cosmic_354ded0c_02.png,Fox,Quantum Deities 151
Fox And Gargola Abstract Cosmic #08,An ethereal entity from the Quantum Deities collection. Concept: Fox And Gargola Abstract Cosmic.,Fox_And_Gargola_Abstract_Cosmic_08.png,Fox,Quantum Deities 151
Celestial Void Sentinel #01,An ethereal entity from the Quantum Deities collection. Concept: Celestial Void Sentinel.,Celestial_Void_Sentinel_01.png,Celestial,Quantum Deities 151
Celestial Void Sentinel #02,An ethereal entity from the Quantum Deities collection. Concept: Celestial Void Sentinel.,Celestial_Void_Sentinel_02.png,Celestial,Quantum Deities 151
Bioluminescent Deep-Sea Oracle #01,An ethereal entity from the Quantum Deities collection. Concept: Bioluminescent Deep-Sea Oracle.,Bioluminescent_Deep_Sea_Oracle_01.png,Ethereal,Quantum Deities 151
Bioluminescent Deep-Sea Oracle #02,An ethereal entity from the Quantum Deities collection. Concept: Bioluminescent Deep-Sea Oracle.,Bioluminescent_Deep_Sea_Oracle_02.png,Ethereal,Quantum Deities 151
Chrome-Plated Zen Master #01,An ethereal entity from the Quantum Deities collection. Concept: Chrome-Plated Zen Master.,Chrome_Plated_Zen_Master_01.png,Mechanical,Quantum Deities 151
Chrome-Plated Zen Master #02,An ethereal entity from the Quantum Deities collection. Concept: Chrome-Plated Zen Master.,Chrome_Plated_Zen_Master_02.png,Mechanical,Quantum Deities 151
Fractal Geometry Architect #01,An ethereal entity from the Quantum Deities collection. Concept: Fractal Geometry Architect.,Fractal_Geometry_Architect_01.png,Abstract,Quantum Deities 151
Fractal Geometry Architect #02,An ethereal entity from the Quantum Deities collection. Concept: Fractal Geometry Architect.,Fractal_Geometry_Architect_02.png,Abstract,Quantum Deities 151
Solar Flare High Priestess #01,An ethereal entity from the Quantum Deities collection. Concept: Solar Flare High Priestess.,Solar_Flare_High_Priestess_01.png,Celestial,Quantum Deities 151
Solar Flare High Priestess #02,An ethereal entity from the Quantum Deities collection. Concept: Solar Flare High Priestess.,Solar_Flare_High_Priestess_02.png,Celestial,Quantum Deities 151
Neon Architect Deity #01,An ethereal entity from the Quantum Deities collection. Concept: Neon Architect Deity.,Neon_Architect_Deity_01.png,Architect,Quantum Deities 151
Neon Architect Deity #02,An ethereal entity from the Quantum Deities collection. Concept: Neon Architect Deity.,Neon_Architect_Deity_02.png,Architect,Quantum Deities 151
Circuit Priest Avatar #01,An ethereal entity from the Quantum Deities collection. Concept: Circuit Priest Avatar.,Circuit_Priest_Avatar_01.png,Mechanical,Quantum Deities 151
Circuit Priest Avatar #02,An ethereal entity from the Quantum Deities collection. Concept: Circuit Priest Avatar.,Circuit_Priest_Avatar_02.png,Mechanical,Quantum Deities 151
Clockwork Time Keeper #01,An ethereal entity from the Quantum Deities collection. Concept: Clockwork Time Keeper.,Clockwork_Time_Keeper_01.png,Mechanical,Quantum Deities 151
Clockwork Time Keeper #02,An ethereal entity from the Quantum Deities collection. Concept: Clockwork Time Keeper.,Clockwork_Time_Keeper_02.png,Mechanical,Quantum Deities 151
Techno-Organic Shaman #01,An ethereal entity from the Quantum Deities collection. Concept: Techno-Organic Shaman.,Techno_Organic_Shaman_01.png,Ethereal,Quantum Deities 151
Techno-Organic Shaman #02,An ethereal entity from the Quantum Deities collection. Concept: Techno-Organic Shaman.,Techno_Organic_Shaman_02.png,Ethereal,Quantum Deities 151
